x,y,yaw,curvature,speed
-4.34423,-14.732904,2.566407,1.157235,1.02
-4.445551,-14.65647,2.430993,0.969076,1.082
-4.540566,-14.563942,2.3187,0.742578,1.163
-4.628455,-14.459309,2.223883,0.644867,1.287
-4.709251,-14.343464,2.140684,0.538737,1.412
-4.782888,-14.218312,2.069173,0.445928,1.524
-4.850297,-14.084281,2.013392,0.304738,1.615
-4.912875,-13.944053,1.970768,0.253958,1.694
-4.970666,-13.799561,1.933105,0.230376,1.757
-5.0239,-13.651143,1.921877,0.087161,1.8
-5.077754,-13.507174,1.936299,0.100297,1.8
-5.132646,-13.366986,1.953719,0.131464,1.8
-5.1892,-13.230499,1.975434,0.164214,1.8
-5.247471,-13.098874,2.000801,0.18772,1.8
-5.307982,-12.971504,2.028877,0.210799,1.8
-5.370922,-12.848496,2.057597,0.202778,1.8
-5.43654,-12.728614,2.085825,0.208216,1.8
-5.505494,-12.610728,2.114976,0.220689,1.8
-5.577239,-12.496103,2.145218,0.229851,1.8
-5.650678,-12.38641,2.175505,0.229052,1.8
-5.725466,-12.281613,2.202711,0.19129,1.8
-5.801364,-12.180569,2.225986,0.175137,1.8
-5.878721,-12.082173,2.247141,0.162228,1.8
-5.957551,-11.985976,2.267061,0.158382,1.8
-6.037585,-11.892127,2.288276,0.185798,1.8
-6.119079,-11.800869,2.312485,0.211247,1.8
-6.201762,-11.712931,2.337028,0.193811,1.8
-6.285917,-11.62751,2.358388,0.160363,1.8
-6.372129,-11.54331,2.377879,0.161758,1.8
-6.461146,-11.45972,2.397585,0.160567,1.8
-6.553228,-11.376615,2.417992,0.167336,1.8
-6.649071,-11.293696,2.439909,0.178983,1.8
-6.74848,-11.211593,2.461436,0.155178,1.8
-6.851361,-11.13006,2.479337,0.118296,1.8
-6.957282,-11.048785,2.493255,0.090122,1.8
-7.066638,-10.96697,2.505291,0.085454,1.8
-7.180434,-10.883917,2.517432,0.087076,1.8
-7.298484,-10.799992,2.529733,0.083943,1.8
-7.419265,-10.716332,2.541021,0.069726,1.8
-7.542954,-10.632536,2.548072,0.025751,1.8
-7.667283,-10.549002,2.549489,0.006743,1.8
-7.791789,-10.465167,2.548135,0.011309,1.8
-7.916164,-10.381114,2.546524,0.01017,1.8
-8.04029,-10.296952,2.543513,0.030253,1.8
-8.162878,-10.213022,2.537483,0.052043,1.8
-8.281545,-10.130441,2.529091,0.06424,1.8
-8.396445,-10.048907,2.520658,0.054897,1.8
-8.50844,-9.968138,2.513688,0.04608,1.8
-8.61714,-9.888702,2.508911,0.024134,1.8
-8.72365,-9.81034,2.506318,0.014857,1.8
-8.828568,-9.732832,2.503275,0.031862,1.8
-8.932301,-9.655535,2.497365,0.059649,1.8
-9.034719,-9.577985,2.489435,0.063104,1.8
-9.136979,-9.499239,2.481878,0.053304,1.8
-9.24055,-9.418332,2.473911,0.067731,1.8
-9.345162,-9.33509,2.46334,0.089909,1.8
-9.45065,-9.249039,2.450693,0.095919,1.8
-9.556731,-9.160154,2.439245,0.069972,1.8
-9.663607,-9.068812,2.429616,0.067298,1.8
-9.770862,-8.975365,2.421281,0.050411,1.8
-9.878021,-8.880638,2.415434,0.031507,1.8
-9.985144,-8.785077,2.413052,0.001811,1.8
-10.091284,-8.690344,2.413363,0.006281,1.8
-10.196219,-8.596855,2.416364,0.036777,1.8
-10.300391,-8.505,2.422787,0.055918,1.8
-10.404075,-8.414989,2.430452,0.055544,1.8
-10.507594,-8.326492,2.43652,0.033391,1.8
-10.61065,-8.239195,2.441514,0.04057,1.8
-10.713429,-8.153092,2.446596,0.035019,1.8
-10.816378,-8.067664,2.451378,0.036445,1.8
-10.919619,-7.982842,2.45459,0.011511,1.8
-11.023665,-7.897626,2.454877,0.00715,1.8
-11.127986,-7.812016,2.451638,0.040781,1.8
-11.23209,-7.72562,2.444183,0.069358,1.8
-11.335617,-7.638048,2.435166,0.063678,1.8
-11.438588,-7.549409,2.427969,0.042269,1.8
-11.541345,-7.459919,2.422069,0.044301,1.8
-11.64389,-7.369518,2.415289,0.054869,1.8
-11.746078,-7.278058,2.405822,0.082633,1.8
-11.848116,-7.184618,2.39357,0.094304,1.8
-11.949879,-7.088949,2.381354,0.080043,1.8
-12.052395,-6.990369,2.370883,0.067566,1.8
-12.155572,-6.889212,2.362256,0.052267,1.8
-12.259222,-6.786034,2.354006,0.06055,1.8
-12.363019,-6.680855,2.342046,0.101117,1.8
-12.466055,-6.573264,2.32468,0.132326,1.8
-12.567339,-6.463233,2.303993,0.145158,1.8
-12.665997,-6.351277,2.282092,0.149397,1.8
-12.761283,-6.238184,2.260614,0.141442,1.786
-12.853064,-6.124537,2.238815,0.158578,1.757
-12.940347,-6.011243,2.216025,0.159912,1.723
-13.023352,-5.898302,2.193444,0.162002,1.688
-13.102324,-5.78562,2.174207,0.116802,1.654
-13.17803,-5.673856,2.164814,0.020489,1.62
-13.25199,-5.564021,2.168848,0.083238,1.585
-13.325861,-5.456865,2.184945,0.164741,1.565
-13.401041,-5.352635,2.21072,0.238246,1.559
-13.478047,-5.252432,2.243726,0.284186,1.559
-13.557402,-5.156457,2.283074,0.34648,1.573
-13.640086,-5.064777,2.328584,0.389843,1.59
-13.726595,-4.977652,2.377779,0.411212,1.607
-13.816957,-4.895381,2.425328,0.365422,1.623
-13.910784,-4.817319,2.467474,0.325564,1.64
-14.007372,-4.743243,2.504308,0.279182,1.657
-14.10626,-4.672603,2.537934,0.274736,1.674
-14.207078,-4.605542,2.572749,0.29876,1.677
-14.310435,-4.542066,2.609784,0.31173,1.672
-14.416344,-4.48242,2.648902,0.33227,1.636
-14.524669,-4.427054,2.690662,0.355585,1.587
-14.634946,-4.376573,2.732914,0.336607,1.535
-14.748343,-4.33019,2.771673,0.297175,1.479
-14.864239,-4.287659,2.802942,0.210113,1.421
-14.982051,-4.247874,2.82383,0.126204,1.361
-15.101543,-4.209608,2.833735,0.0325,1.305
-15.222337,-4.17147,2.827221,0.134727,1.269
-15.342738,-4.131182,2.803271,0.242258,1.23
-15.462126,-4.087101,2.764232,0.370615,1.187
-15.579667,-4.037274,2.708762,0.494981,1.148
-15.694833,-3.979578,2.64126,0.560901,1.098
-15.804838,-3.914165,2.568157,0.577598,1.048
-15.909711,-3.840804,2.492145,0.607155,0.994
-16.009011,-3.75913,2.413885,0.616149,0.952
-16.101032,-3.670376,2.333894,0.63707,0.925
-16.184802,-3.575318,2.254258,0.620205,0.905
-16.260115,-3.475038,2.169729,0.7304,0.886
-16.325154,-3.369696,2.070123,0.883017,0.88
-16.377532,-3.259764,1.957517,0.970484,0.876
-16.415918,-3.146813,1.840492,0.983154,0.876
-16.440575,-3.031703,1.713292,1.172053,0.877
-16.44915,-2.915181,1.572232,1.237506,0.879
-16.440909,-2.799182,1.423196,1.302266,0.88
-16.414845,-2.684457,1.27044,1.280589,0.881
-16.370779,-2.572756,1.119579,1.223917,0.882
-16.309058,-2.466141,0.972424,1.175545,0.883
-16.231281,-2.368138,0.83017,1.1165,0.885
-16.140772,-2.282068,0.68971,1.130004,0.885
-16.039152,-2.209662,0.547279,1.14384,0.884
-15.927648,-2.152197,0.400106,1.214134,0.884
-15.809469,-2.112524,0.247806,1.222955,0.885
-15.687,-2.091312,0.093862,1.272249,0.892
-15.56508,-2.089518,-0.06238,1.278862,0.91
-15.445819,-2.106376,-0.216049,1.260606,0.936
-15.331032,-2.140886,-0.362091,1.160038,0.961
-15.221426,-2.191375,-0.491127,0.967528,0.987
-15.116677,-2.25553,-0.597503,0.763332,1.012
-15.016248,-2.330994,-0.679121,0.538082,1.037
-14.91865,-2.41538,-0.7281,0.23488,1.056
-14.823513,-2.502817,-0.73891,0.067595,1.062
-14.728152,-2.58894,-0.708863,0.400607,1.062
-14.628728,-2.669856,-0.64259,0.632414,1.063
-14.52311,-2.74243,-0.550268,0.797175,1.075
-14.409112,-2.804585,-0.440592,0.885842,1.103
-14.286519,-2.853984,-0.322667,0.881934,1.13
-14.154421,-2.889741,-0.210344,0.763568,1.157
-14.014792,-2.911998,-0.112544,0.630742,1.184
-13.870812,-2.921795,-0.040432,0.372642,1.211
-13.723216,-2.923793,-0.004998,0.115686,1.238
-13.575543,-2.923271,-0.00122,0.065657,1.253
-13.430548,-2.92415,-0.02536,0.27455,1.252
-13.290162,-2.93051,-0.071084,0.383265,1.252
-13.156099,-2.943692,-0.130228,0.493332,1.262
-13.027276,-2.96494,-0.201429,0.603489,1.3
-12.905113,-2.994943,-0.280168,0.638071,1.378
-12.788131,-3.03375,-0.355392,0.571902,1.457
-12.674714,-3.080456,-0.417245,0.434234,1.535
-12.564078,-3.133067,-0.457004,0.213352,1.613
-12.454395,-3.188792,-0.473929,0.062354,1.691
-12.344562,-3.24566,-0.473397,0.070367,1.76
-12.233846,-3.301768,-0.464838,0.067255,1.8
-12.121762,-3.357393,-0.463661,0.048098,1.8
-12.010467,-3.413461,-0.467111,0.007066,1.792
-11.899086,-3.469696,-0.467482,0.001108,1.784
-11.787672,-3.525929,-0.467018,0.006329,1.775
-11.676213,-3.582073,-0.464463,0.034606,1.765
-11.564478,-3.637753,-0.459759,0.040875,1.756
-11.452736,-3.692727,-0.452363,0.078055,1.746
-11.340828,-3.746441,-0.440881,0.107233,1.732
-11.228789,-3.798398,-0.424803,0.153582,1.727
-11.116517,-3.847907,-0.397894,0.284705,1.721
-11.002867,-3.893356,-0.362064,0.300761,1.716
-10.887909,-3.934495,-0.323652,0.328712,1.712
-10.77177,-3.970877,-0.284099,0.320444,1.707
-10.654404,-4.002678,-0.244408,0.331701,1.703
-10.535722,-4.029746,-0.203873,0.33292,1.703
-10.415438,-4.052083,-0.164167,0.315675,1.708
-10.293559,-4.069862,-0.124967,0.320055,1.712
-10.169969,-4.082919,-0.083594,0.344852,1.718
-10.044595,-4.090723,-0.041557,0.324761,1.724
-9.917728,-4.093407,0.000145,0.331897,1.738
-9.789401,-4.090686,0.041293,0.309537,1.752
-9.659854,-4.082753,0.082689,0.328177,1.766
-9.529367,-4.069135,0.12394,0.302276,1.775
-9.398725,-4.050222,0.164,0.30498,1.784
-9.268315,-4.025934,0.203565,0.291877,1.792
-9.138447,-3.996494,0.240097,0.257316,1.8
-9.009378,-3.962542,0.272559,0.230232,1.8
-8.881707,-3.924732,0.301564,0.205228,1.8
-8.755323,-3.883518,0.328502,0.200314,1.8
-8.630458,-3.839093,0.354681,0.194739,1.8
-8.507167,-3.791615,0.378596,0.167156,1.8
-8.385316,-3.741579,0.401023,0.172646,1.8
-8.264483,-3.688717,0.423714,0.171591,1.8
-8.144838,-3.633115,0.447466,0.188412,1.8
-8.026549,-3.574524,0.475846,0.241429,1.8
-7.910074,-3.512131,0.509049,0.260051,1.8
-7.795244,-3.44543,0.542952,0.250275,1.8
-7.682008,-3.374505,0.573991,0.215042,1.8
-7.570449,-3.300075,0.601416,0.194216,1.8
-7.46057,-3.22255,0.627102,0.188125,1.8
-7.352582,-3.14219,0.65116,0.170053,1.8
-7.246798,-3.059649,0.671268,0.128242,1.8
-7.14174,-2.974715,0.685229,0.078799,1.8
-7.036908,-2.888095,0.690633,0.001183,1.8
-6.931715,-2.801149,0.686975,0.054737,1.8
-6.825773,-2.714909,0.679384,0.056375,1.8
-6.719036,-2.62938,0.66966,0.085461,1.8
-6.61077,-2.544691,0.656166,0.110491,1.8
-6.500426,-2.461056,0.637935,0.152257,1.8
-6.387309,-2.379031,0.617277,0.142847,1.8
-6.27099,-2.2982,0.597718,0.13612,1.8
-6.153891,-2.220122,0.579637,0.12074,1.8
-6.03628,-2.144547,0.564627,0.0937,1.8
-5.918335,-2.070917,0.551956,0.088329,1.8
-5.799881,-1.998973,0.537684,0.117487,1.8
-5.680423,-1.929054,0.524884,0.06733,1.8
-5.560343,-1.860265,0.517219,0.043481,1.788
-5.439989,-1.792277,0.514153,0.000831,1.772
-5.319698,-1.724342,0.511423,0.038814,1.752
-5.199404,-1.657254,0.505848,0.041641,1.724
-5.077654,-1.59027,0.498879,0.058429,1.697
-4.954088,-1.523594,0.485472,0.131835,1.669
-4.828072,-1.458593,0.465329,0.152297,1.641
-4.699614,-1.395822,0.441574,0.179916,1.625
-4.568613,-1.335946,0.410708,0.249107,1.613
-4.435074,-1.280622,0.371716,0.290407,1.605
-4.298939,-1.230816,0.326074,0.340474,1.605
-4.160669,-1.187833,0.276018,0.35037,1.633
-4.020358,-1.151909,0.224473,0.361664,1.661
-3.87846,-1.123399,0.170244,0.388257,1.688
-3.735517,-1.102943,0.121012,0.294016,1.716
-3.592503,-1.088625,0.08229,0.245515,1.744
-3.45031,-1.07942,0.05097,0.195214,1.772
-3.310309,-1.074229,0.027965,0.132697,1.8
-3.173229,-1.071669,0.013945,0.070602,1.8
-3.039406,-1.070451,0.010471,0.020856,1.8
-2.908418,-1.068896,0.016953,0.07945,1.787
-2.780412,-1.06606,0.028115,0.09506,1.774
-2.655135,-1.061773,0.045235,0.179507,1.762
-2.532395,-1.054833,0.066037,0.157823,1.749
-2.411703,-1.045674,0.084125,0.140228,1.736
-2.292606,-1.034613,0.105452,0.214554,1.723
-2.173755,-1.020489,0.133378,0.250461,1.711
-2.054551,-1.002672,0.163475,0.246815,1.711
-1.934069,-0.980953,0.194553,0.259892,1.723
-1.812137,-0.954906,0.229901,0.30461,1.736
-1.688446,-0.923468,0.271612,0.34169,1.749
-1.561156,-0.885009,0.313909,0.294356,1.762
-1.429603,-0.839436,0.351859,0.250337,1.774
-1.292689,-0.786445,0.386836,0.226273,1.787
-1.150024,-0.725547,0.414793,0.139429,1.8
-1.001796,-0.658352,0.433483,0.092211,1.8
-0.847317,-0.585441,0.447912,0.077464,1.8
-0.68666,-0.506935,0.456733,0.023495,1.8
-0.518412,-0.423821,0.456609,0.022669,1.8
-0.342062,-0.337657,0.451637,0.028266,1.8
-0.160685,-0.250296,0.444974,0.03779,1.8
0.025443,-0.162405,0.436349,0.046253,1.8
0.214793,-0.075201,0.425031,0.062225,1.8
0.407354,0.010456,0.4121,0.060744,1.8
0.602324,0.094201,0.398179,0.070833,1.8
0.798675,0.175064,0.382269,0.079614,1.8
0.994993,0.252072,0.366969,0.066313,1.8
1.18825,0.324809,0.352664,0.072839,1.8
1.377195,0.392741,0.337412,0.078607,1.8
1.563333,0.456398,0.321649,0.081655,1.8
1.746722,0.515875,0.307282,0.066836,1.8
1.92777,0.572047,0.294932,0.063417,1.8
2.106353,0.625128,0.284507,0.048206,1.8
2.282376,0.675748,0.277012,0.033263,1.796
2.456294,0.724624,0.269987,0.044472,1.792
2.628946,0.771659,0.259313,0.074738,1.781
2.801409,0.816179,0.246321,0.071073,1.77
2.973758,0.858354,0.231699,0.094444,1.759
3.144997,0.897243,0.212774,0.122446,1.748
3.313756,0.931808,0.188749,0.157817,1.737
3.47939,0.96112,0.15825,0.206586,1.731
3.641434,0.9841,0.118723,0.27791,1.724
3.800098,0.999376,0.072583,0.300968,1.719
3.955375,1.006927,0.024445,0.319095,1.711
4.106715,1.006872,-0.023612,0.315698,1.702
4.253834,0.999879,-0.071684,0.336387,1.667
4.396922,0.986034,-0.117639,0.299923,1.626
4.536783,0.966438,-0.158623,0.278363,1.58
4.67412,0.941691,-0.197375,0.276107,1.535
4.809196,0.911961,-0.234569,0.261851,1.493
4.941772,0.877731,-0.266899,0.21046,1.456
5.071589,0.840217,-0.303501,0.334645,1.419
5.197224,0.797729,-0.348976,0.349986,1.408
5.318922,0.750221,-0.395484,0.361067,1.403
5.436794,0.697713,-0.441568,0.352438,1.403
5.550927,0.640553,-0.493254,0.456699,1.406
5.660765,0.577312,-0.552938,0.48359,1.409
5.766121,0.507745,-0.615586,0.508185,1.416
5.866529,0.431782,-0.677276,0.468121,1.422
5.962706,0.349658,-0.738163,0.491867,1.428
6.054452,0.260824,-0.796039,0.414433,1.434
6.142334,0.166166,-0.85102,0.435995,1.452
6.225748,0.065431,-0.908269,0.437449,1.478
6.304507,-0.041706,-0.969289,0.47835,1.517
6.377583,-0.15579,-1.03046,0.426064,1.554
6.445035,-0.275963,-1.086598,0.388772,1.604
6.506987,-0.401824,-1.136084,0.317015,1.655
6.564378,-0.53298,-1.183524,0.345749,1.704
6.616073,-0.669278,-1.230536,0.30005,1.725
6.662517,-0.810187,-1.27131,0.250936,1.736
6.704276,-0.954931,-1.30626,0.214314,1.666
6.741747,-1.102672,-1.338218,0.206244,1.592
6.774744,-1.252437,-1.366286,0.16087,1.502
6.804067,-1.40314,-1.392819,0.18549,1.409
6.829019,-1.554161,-1.422301,0.200513,1.316
6.849202,-1.70485,-1.457667,0.266305,1.24
6.863146,-1.854542,-1.498676,0.281037,1.116
6.870677,-2.002102,-1.542355,0.311418,1.061
6.871464,-2.146923,-1.590539,0.353929,1.009
6.865012,-2.289025,-1.639369,0.332134,0.959
6.852152,-2.428113,-1.711276,0.684989,0.912
6.825768,-2.566538,-1.81022,0.718104,0.866
6.785095,-2.702816,-1.91292,0.727257,0.819
6.730155,-2.835018,-2.019687,0.762754,0.819
6.660568,-2.961338,-2.129323,0.757662,0.822
6.577047,-3.080031,-2.239401,0.755641,0.839
6.48,-3.189909,-2.405423,1.490975,0.869
6.359471,-3.277174,-2.626322,1.406747,0.904
6.214554,-3.340231,-2.831467,1.140778,1.005
6.043249,-3.378513,-3.007815,0.949357,1.107
5.862359,-3.38763,3.106543,0.881077,1.208
5.669994,-3.365425,3.034232,0.071484,1.306
5.459444,-3.344206,3.052561,0.098186,1.39
5.227795,-3.325951,3.077503,0.115104,1.466
4.97525,-3.313132,3.10784,0.123672,1.542
4.700979,-3.308163,-3.100658,0.428387,1.563
4.426823,-3.335594,-2.984112,0.413148,1.584
4.153792,-3.395054,-2.871595,0.390096,1.604
3.883897,-3.485852,-2.769572,0.311954,1.591
3.605533,-3.608979,-2.668726,0.347191,1.579
3.324588,-3.771982,-2.633608,0.116178,1.562
3.054929,-3.915509,-2.663949,0.08116,1.54
2.802281,-4.042338,-2.689226,0.098508,1.507
2.565522,-4.153349,-2.715955,0.106428,1.473
2.345,-4.249647,-2.771043,0.357351,1.441
2.126883,-4.323758,-2.851742,0.34065,1.441
1.912555,-4.378623,-2.927853,0.342528,1.492
1.700677,-4.416269,-3.003028,0.359819,1.544
1.494562,-4.436916,-3.090705,0.481497,1.595
1.291315,-4.437118,-3.121716,0.183902,1.646
1.086157,-4.445034,-3.096139,0.066577,1.688
0.879549,-4.455847,-3.087504,0.017544,1.674
0.674621,-4.467315,-3.089966,0.042812,1.634
0.475046,-4.476749,-3.106635,0.128736,1.535
0.2844,-4.480962,-3.132966,0.147912,1.425
0.102279,-4.479965,3.121816,0.166309,1.306
-0.069582,-4.473961,3.097631,0.111435,1.183
-0.231599,-4.465277,3.080891,0.094002,1.066
-0.383545,-4.454879,3.072162,0.015433,0.999
-0.526165,-4.444792,3.081831,0.160238,0.957
-0.661362,-4.438257,3.114728,0.333519,0.924
-0.789927,-4.437705,-3.111815,0.550813,0.902
-0.913345,-4.445762,-3.031898,0.74274,0.888
-1.031689,-4.464332,-2.938444,0.815501,0.878
-1.144475,-4.493373,-2.835517,0.947309,0.872
-1.251192,-4.533696,-2.720659,1.066829,0.872
-1.350256,-4.5855,-2.597563,1.1295,0.872
-1.440655,-4.648306,-2.468748,1.20366,0.872
-1.521203,-4.721726,-2.331807,1.304637,0.874
-1.59007,-4.805192,-2.189554,1.316515,0.882
-1.646244,-4.897337,-2.047714,1.302492,0.896
-1.68905,-4.996755,-1.907812,1.278299,0.923
-1.717824,-5.101628,-1.773606,1.170647,0.957
-1.733204,-5.211474,-1.650551,1.05131,1.007
-1.735621,-5.324305,-1.541315,0.889222,1.087
-1.726513,-5.438372,-1.44357,0.815223,1.207
-1.70634,-5.553215,-1.356724,0.673335,1.333
-1.676431,-5.668739,-1.287851,0.485487,1.45
-1.639005,-5.784807,-1.238137,0.333731,1.556
-1.596033,-5.901439,-1.202051,0.249042,1.655
-1.548669,-6.018583,-1.177055,0.148501,1.738
-1.498384,-6.136492,-1.152982,0.226694,1.79
-1.444078,-6.254173,-1.126417,0.183179,1.8
-1.386187,-6.372129,-1.103413,0.166839,1.8
-1.324753,-6.490612,-1.081848,0.157253,1.8
-1.260162,-6.609,-1.060193,0.165224,1.8
-1.192834,-6.726118,-1.034319,0.218597,1.8
-1.122239,-6.840941,-1.001966,0.260675,1.8
-1.047575,-6.953326,-0.96847,0.236525,1.8
-0.969516,-7.063064,-0.937093,0.22873,1.8
-0.888017,-7.17047,-0.911364,0.152899,1.8
-0.804158,-7.276376,-0.892998,0.119123,1.8
-0.718477,-7.381072,-0.878372,0.097159,1.8
-0.631317,-7.484763,-0.867791,0.058953,1.8
-0.542997,-7.588143,-0.860448,0.048877,1.8
-0.453235,-7.691802,-0.857713,0.008505,1.8
-0.362746,-7.796549,-0.862903,0.066288,1.8
-0.272865,-7.902547,-0.870827,0.047912,1.8
-0.18349,-8.009382,-0.877493,0.048084,1.8
-0.095168,-8.116406,-0.883657,0.041019,1.8
-0.008397,-8.22277,-0.887681,0.01738,1.793
0.077056,-8.328028,-0.886531,0.035171,1.786
0.161509,-8.431056,-0.882079,0.031578,1.779
0.244965,-8.532004,-0.880103,0.001975,1.772
0.327123,-8.631434,-0.879215,0.016004,1.765
0.408326,-8.7293,-0.87556,0.041566,1.758
0.489395,-8.825964,-0.876427,0.055687,1.751
0.5697,-8.923094,-0.886311,0.100791,1.751
0.649011,-9.021546,-0.904001,0.17811,1.758
0.726629,-9.122483,-0.929665,0.224251,1.765
0.801989,-9.226526,-0.965321,0.326154,1.772
0.87432,-9.335846,-1.006028,0.296356,1.779
0.943472,-9.449823,-1.043933,0.273433,1.786
1.009295,-9.567876,-1.079967,0.259642,1.793
1.071813,-9.689957,-1.114636,0.244574,1.8
1.131364,-9.816655,-1.143339,0.167321,1.8
1.188957,-9.947109,-1.162841,0.107636,1.8
1.245359,-10.080408,-1.172658,0.029203,1.8
1.301954,-10.215765,-1.174884,0.001521,1.8
1.358975,-10.352227,-1.171502,0.047192,1.8
1.417006,-10.488425,-1.165192,0.038033,1.8
1.475911,-10.624543,-1.160378,0.026811,1.8
1.535665,-10.761124,-1.156631,0.023408,1.8
1.596388,-10.898607,-1.153335,0.020787,1.8
1.657132,-11.034987,-1.151184,0.007966,1.8
1.717453,-11.169988,-1.15016,0.005761,1.8
1.778322,-11.305903,-1.150584,0.011325,1.8
1.839428,-11.442969,-1.151251,0.002302,1.8
1.901766,-11.582666,-1.150798,0.003564,1.8
1.965914,-11.726207,-1.149046,0.018221,1.8
2.032614,-11.8743,-1.143797,0.045568,1.8
2.102555,-12.026521,-1.13511,0.057729,1.8
2.176216,-12.182775,-1.124532,0.063934,1.8
2.254645,-12.344397,-1.112226,0.072523,1.8
2.338549,-12.511604,-1.099662,0.063223,1.8
2.426415,-12.681601,-1.087868,0.060098,1.8
2.518272,-12.854365,-1.07679,0.053672,1.8
2.613335,-13.028684,-1.066024,0.055327,1.8
2.710699,-13.20264,-1.055388,0.051722,1.8
2.809614,-13.375172,-1.046432,0.03858,1.8
2.908907,-13.54534,-1.040769,0.01886,1.8
3.007147,-13.712286,-1.038918,7.4e-05,1.8
3.10303,-13.875232,-1.04161,0.029165,1.8
3.19553,-14.034405,-1.048864,0.049993,1.8
3.2845,-14.190761,-1.05985,0.072664,1.8
3.369419,-14.344588,-1.075207,0.102911,1.8
3.449572,-14.496116,-1.096218,0.142678,1.8
3.524415,-14.64629,-1.121583,0.158784,1.8
3.594267,-14.796261,-1.149596,0.178303,1.8
3.659419,-14.94763,-1.178635,0.17301,1.8
3.720365,-15.101152,-1.207245,0.172942,1.8
3.777168,-15.257117,-1.23587,0.172475,1.8
3.829576,-15.41494,-1.262216,0.144252,1.799
3.878327,-15.574469,-1.283139,0.106487,1.749
3.924471,-15.735681,-1.296633,0.054238,1.688
3.969768,-15.899596,-1.305662,0.051881,1.62
4.0143,-16.066511,-1.318542,0.097467,1.541
4.056256,-16.235153,-1.336155,0.106063,1.451
4.095004,-16.404119,-1.356526,0.129674,1.35
4.129697,-16.57264,-1.379152,0.133134,1.238
4.160349,-16.740905,-1.401459,0.127638,1.175
4.187179,-16.90884,-1.428633,0.193246,1.123
4.208279,-17.075777,-1.4708,0.311693,1.078
4.220447,-17.240431,-1.534763,0.472952,1.044
4.219966,-17.399973,-1.614633,0.532466,1.021
4.206751,-17.552672,-1.699108,0.570286,1.01
4.181552,-17.697705,-1.788602,0.644569,1.009
4.144328,-17.834727,-1.88581,0.725171,1.009
4.095179,-17.962764,-1.993395,0.844829,1.012
4.033839,-18.080425,-2.115052,0.978965,1.018
3.959428,-18.187061,-2.243115,0.981419,1.028
3.873187,-18.282241,-2.367462,0.950521,1.043
3.776967,-18.365456,-2.485866,0.902182,1.065
3.672022,-18.436993,-2.598088,0.856657,1.097
3.559125,-18.497077,-2.704539,0.80606,1.136
3.439572,-18.54559,-2.80427,0.738102,1.175
3.314549,-18.582856,-2.89527,0.65758,1.22
3.185409,-18.609494,-2.97869,0.608802,1.27
3.053357,-18.625786,-3.058155,0.589633,1.334
2.920163,-18.631677,-3.133561,0.539295,1.406
2.786106,-18.627932,3.08092,0.48563,1.448
2.651858,-18.615378,3.0211,0.409893,1.454
2.520365,-18.595756,2.969861,0.359061,1.442
2.391419,-18.570208,2.93034,0.240753,1.421
2.264754,-18.54094,2.900002,0.225437,1.389
2.140202,-18.508307,2.874223,0.174323,1.34
2.017486,-18.473206,2.853961,0.143043,1.275
1.896627,-18.436249,2.836737,0.129588,1.23
1.777771,-18.397777,2.813733,0.240914,1.215
1.661949,-18.356427,2.778623,0.331596,1.215
1.549741,-18.311172,2.732476,0.428303,1.221
1.440686,-18.260491,2.672438,0.572681,1.226
1.336327,-18.202991,2.597526,0.677623,1.239
1.236732,-18.137105,2.518983,0.631495,1.27
1.141297,-18.062988,2.442245,0.634627,1.337
1.050312,-17.980293,2.366991,0.586465,1.372
0.963621,-17.889107,2.29944,0.487883,1.408
0.880676,-17.790221,2.250709,0.274764,1.438
0.799971,-17.686699,2.225774,0.109553,1.468
0.720628,-17.581848,2.222403,0.058214,1.49
0.640649,-17.477819,2.242843,0.254202,1.495
0.557582,-17.376911,2.278389,0.290582,1.464
0.471318,-17.279853,2.31215,0.230677,1.464
0.383444,-17.186716,2.344685,0.277307,1.48
0.293347,-17.097738,2.384615,0.354702,1.52
0.200564,-17.013946,2.436523,0.466466,1.568
0.102075,-16.934966,2.49152,0.403759,1.616
-0.001723,-16.860144,2.538429,0.328107,1.664
-0.110773,-16.788359,2.577627,0.273894,1.712
-0.224365,-16.719325,2.610405,0.221192,1.76
-0.341498,-16.652805,2.639332,0.208828,1.792
-0.461816,-16.588907,2.671279,0.257759,1.8
-0.586576,-16.528217,2.7078,0.268709,1.8
-0.715718,-16.471295,2.739461,0.181667,1.8
-0.848329,-16.416891,2.761562,0.132454,1.8
-0.978955,-16.366145,2.778132,0.103131,1.8
-1.107581,-16.318282,2.791121,0.085722,1.8
-1.23413,-16.272862,2.799819,0.042775,1.8
-1.358312,-16.229089,2.802854,0.002469,1.8
-1.480059,-16.186217,2.805673,0.04181,1.8
-1.600114,-16.144663,2.81028,0.030532,1.786
-1.718434,-16.104218,2.812427,0.003368,1.74
-1.835062,-16.064406,2.819662,0.11461,1.694
-1.951623,-16.026442,2.830878,0.066646,1.648
-2.070461,-15.988816,2.837544,0.040898,1.601
-2.19096,-15.951343,2.838605,0.023295,1.555
-2.312846,-15.913043,2.833804,0.051534,1.509
-2.435929,-15.87347,2.823391,0.109035,1.477
-2.559693,-15.831733,2.803478,0.195658,1.477
-2.683178,-15.786533,2.772389,0.278285,1.477
-2.805012,-15.736807,2.731488,0.344676,1.48
-2.924062,-15.681807,2.679059,0.45861,1.485
-3.038358,-15.620459,2.619833,0.455154,1.489
-3.147454,-15.553379,2.561907,0.445742,1.536
-3.252016,-15.480573,2.505762,0.436165,1.582
-3.351696,-15.402631,2.450387,0.439781,1.628
-3.446079,-15.320012,2.435753,0.216834,1.673
-3.53976,-15.242341,2.465643,0.275502,1.717
-3.633238,-15.169914,2.497275,0.253653,1.758
-3.728008,-15.100914,2.528666,0.279953,1.8
-3.82489,-15.035128,2.561226,0.273407,1.8
-3.924704,-14.971942,2.591511,0.239129,1.8
-4.027358,-14.910971,2.612493,0.114435,1.8
-4.131222,-14.851189,2.624368,0.083448,1.8
-4.236571,-14.791954,2.634681,0.086539,1.8
